{"cameraMode":{"drawMode":0,"name":"Shaded","section":"Shading Mode"},"sceneLighting":false,"audioPlay":false,"sceneViewState":{"showFog":true,"showMaterialUpdate":false,"showSkybox":false,"showFlares":true,"showImageEffects":true,"showParticleSystems":true},"in2DMode":false,"pivot":{"x":0.0,"y":0.8425683975219727,"z":0.08357855677604675},"rotation":{"x":0.45241931080818179,"y":-0.5441102385520935,"z":0.4562663733959198,"w":0.5395199656486511},"size":4.644272327423096,"orthographic":false}