{"cameraMode":{"drawMode":0,"name":"Shaded","section":"Shading Mode"},"sceneLighting":true,"audioPlay":false,"sceneViewState":{"showFog":true,"showMaterialUpdate":false,"showSkybox":true,"showFlares":true,"showImageEffects":true,"showParticleSystems":true},"in2DMode":false,"pivot":{"x":-14.907365798950196,"y":13.320831298828125,"z":-5.375579833984375},"rotation":{"x":0.38121819496154787,"y":-0.0399211160838604,"z":0.016480784863233568,"w":0.9234757423400879},"size":114.27472686767578,"orthographic":true}