{"cameraMode":{"drawMode":0,"name":"Shaded","section":"Shading Mode"},"sceneLighting":false,"audioPlay":false,"sceneViewState":{"showFog":true,"showMaterialUpdate":false,"showSkybox":false,"showFlares":true,"showImageEffects":true,"showParticleSystems":true},"in2DMode":false,"pivot":{"x":-2.9802322387695315e-8,"y":0.2789211869239807,"z":-0.08653730154037476},"rotation":{"x":0.08839917927980423,"y":-0.8950120210647583,"z":0.20484642684459687,"w":0.3862345814704895},"size":2.6481921672821047,"orthographic":true}