{"cameraMode":{"drawMode":0,"name":"Shaded","section":"Shading Mode"},"sceneLighting":true,"audioPlay":false,"sceneViewState":{"showFog":true,"showMaterialUpdate":false,"showSkybox":true,"showFlares":true,"showImageEffects":true,"showParticleSystems":true},"in2DMode":false,"pivot":{"x":4.798885345458984,"y":-0.4123721122741699,"z":1.1506452560424805},"rotation":{"x":0.013232525438070298,"y":0.9751323461532593,"z":-0.2127525806427002,"w":0.06064781919121742},"size":16.069169998168947,"orthographic":false}