{"cameraMode":{"drawMode":0,"name":"Shaded","section":"Shading Mode"},"sceneLighting":true,"audioPlay":false,"sceneViewState":{"showFog":true,"showMaterialUpdate":false,"showSkybox":true,"showFlares":true,"showImageEffects":true,"showParticleSystems":true},"in2DMode":false,"pivot":{"x":-27.312763214111329,"y":14.498756408691407,"z":-20.72239112854004},"rotation":{"x":-0.5418775677680969,"y":0.24402494728565217,"z":-0.16815948486328126,"w":-0.7864750623703003},"size":82.67650604248047,"orthographic":false}