{"cameraMode":{"drawMode":0,"name":"Shaded","section":"Shading Mode"},"sceneLighting":true,"audioPlay":false,"sceneViewState":{"showFog":true,"showMaterialUpdate":false,"showSkybox":true,"showFlares":true,"showImageEffects":true,"showParticleSystems":true},"in2DMode":false,"pivot":{"x":2.9764184951782228,"y":0.990446925163269,"z":0.5372233390808106},"rotation":{"x":0.0011005187407135964,"y":0.9988617897033691,"z":-0.037786658853292468,"w":0.02909000962972641},"size":4.093524932861328,"orthographic":false}