{"cameraMode":{"drawMode":0,"name":"Shaded","section":"Shading Mode"},"sceneLighting":false,"audioPlay":false,"sceneViewState":{"showFog":true,"showMaterialUpdate":false,"showSkybox":false,"showFlares":true,"showImageEffects":true,"showParticleSystems":true},"in2DMode":false,"pivot":{"x":-2.9802322387695315e-8,"y":0.2789211869239807,"z":-0.08653730154037476},"rotation":{"x":0.017947735264897348,"y":-0.7100507020950317,"z":0.018110554665327073,"w":0.7036888003349304},"size":3.906008243560791,"orthographic":true}