{"cameraMode":{"drawMode":0,"name":"Shaded","section":"Shading Mode"},"sceneLighting":true,"audioPlay":false,"sceneViewState":{"showFog":true,"showMaterialUpdate":false,"showSkybox":true,"showFlares":true,"showImageEffects":true,"showParticleSystems":true},"in2DMode":false,"pivot":{"x":-30.29671859741211,"y":54.70528793334961,"z":70.24504089355469},"rotation":{"x":0.007181257009506226,"y":0.048891209065914157,"z":0.00035420438507571816,"w":-0.9987782835960388},"size":216.12646484375,"orthographic":false}